Name used,Year,Latitude,Longitude,Catalog No.,Information
Amphiprion percula,,-16.5,-151.75,0000-7996,Portal: GBIF. Source: MNHN
,,,,,Data from GBIF data index - original values.
Amphiprion percula,,-16.5,-151.75,MNHN 0000-7996,bora-bora(i.) 
,,,,,Portal: GBIF. Source: mnhn
,,,,,Data from GBIF data index - original values.
Amphiprion percula,,12.5,92.75,105962,Portal: OBIS. Source: NCL
,,1.17,103.18,UBC 631363,"Lee, O.P., MALAYA SINGAPORE TELOK AYER MARKET "
,,,,,Portal: FB. Source: UBC
Amphiprion percula,1962,1.17,103.18,UBC 63-1363,MALAYA SINGAPORE TELOK AYER MARKET 
,,,,,Portal: GBIF. Source: UBC
,,,,,Data from GBIF data index - original values.
,,1.35,103.68,UBC 640308,"Lindsey, C.C.; Syed, MALAYA SINGAPORE 1 MI W OF JURONG ON CORAL REEF "
,,,,,Portal: FB. Source: UBC
Amphiprion percula,1963,1.35,103.68,UBC 64-0308,MALAYA SINGAPORE 1 MI W OF JURONG ON CORAL REEF 
,,,,,Portal: GBIF. Source: UBC
,,,,,Data from GBIF data index - original values.
Amphiprion percula,,4.67,119.4,BMNH 1933.3.11.428,"Sitankai, Sulu archipelago, Philippines Islands "
,,,,,Portal: GBIF. Source: BMNH
,,,,,Data from GBIF data index - original values.
Amphiprion percula,,0,120,105962,Indonesia 
,,,,,Portal: GBIF. Source: NCL
,,,,,Data from GBIF data index - original values.
Amphiprion percula,2006,25.05,121.55,67440,Taipei 
,,,,,Portal: GBIF. Source: ASIZ
,,,,,Data from GBIF data index - original values.
Amphiprion percula,2006,25.05,121.55,802925,Taipei 
,,,,,Portal: GBIF. Source: ASIZ
,,,,,Data from GBIF data index - original values.
Amphiprion percula,2006,25.05,121.55,912925,Taipei 
,,,,,Portal: GBIF. Source: ASIZ
,,,,,Data from GBIF data index - original values.
Amphiprion percula,1985,9.42,123.33,50477,Bohol Strait; NW Coast of Sumilon Island Between Two Sand Beaches 
,,,,,Portal: GBIF. Source: ROM
,,,,,Data from GBIF data index - original values.
Amphiprion percula,,9.42,123.33,ROM 50477,"Bohol Strait, NW Coast of Sumilon Island Between Two Sand Beaches "
,,,,,Portal: GBIF. Source: ROM
,,,,,Data from GBIF data index - original values.
Amphiprion percula,1957,12,124,UBC 59-0499,PHILIPPINES 
,,,,,Portal: GBIF. Source: UBC
,,,,,Data from GBIF data index - original values.
,,12,124,UBC 590499,"Vcr. Pub. Aquarium, PHILIPPINES "
,,,,,Portal: FB. Source: UBC
Amphiprion percula,1979,0.9,127.7,227510.5086,"Kampung Pasir Putih, Jailolo District Halmahera Island, Indonesia "
,,,,,Portal: GBIF. Source: USNM
,,,,,Data from GBIF data index - original values.
Amphiprion percula,1978,1,127.9,227509.5086,"Kampung Loleba, Wasile District Halmahera Island, Indonesia. "
,,,,,Portal: GBIF. Source: USNM
,,,,,Data from GBIF data index - original values.
Amphiprion percula,2000,-2.44,140.49,7239,Yemang Camp 
,,,,,Portal: GBIF. Source: Conservation International
,,,,,Data from GBIF data index - original values.
Amphiprion percula,1907,-8.07,144.07,I11729,Portal: OBIS. Source: AM
Amphiprion percula,1907,-8.07,144.07,I11730,Portal: OBIS. Source: AM
Amphiprion percula,1907,-8.07,144.07,I11731,Portal: OBIS. Source: AM
Amphiprion percula,1907,-8.07,144.07,I11732,Portal: OBIS. Source: AM
Amphiprion percula,1907,-8.07,144.07,I11983,Portal: OBIS. Source: AM
Amphiprion percula,,-9.9,144.1,I.11729,"Torres Strait, Murray Island "
,,,,,Portal: GBIF. Source: AM
,,,,,Data from GBIF data index - original values.
Amphiprion percula,,-9.9,144.1,I.11731,"Torres Strait, Murray Island "
,,,,,Portal: GBIF. Source: AM
,,,,,Data from GBIF data index - original values.
Amphiprion percula,,-9.9,144.1,I.11732,"Torres Strait, Murray Island "
,,,,,Portal: GBIF. Source: AM
,,,,,Data from GBIF data index - original values.
Amphiprion percula,,-9.9,144.1,I.11730,"Torres Strait, Murray Island "
,,,,,Portal: GBIF. Source: AM
,,,,,Data from GBIF data index - original values.
Amphiprion percula,,-9.9,144.1,I.11983,MURRAY IS : 
,,,,,Portal: GBIF. Source: AM
,,,,,Data from GBIF data index - original values.
Amphiprion percula,1916,-14.98,145.45,I13993,Portal: OBIS. Source: AM
Amphiprion percula,1918,-14.25,145.45,I14595,Portal: OBIS. Source: AM
Amphiprion percula,1910,-14.33,145.48,I10730,Portal: OBIS. Source: AM
Amphiprion percula,,-15.8,145.5,I.14595,HOPE ISLANDS 
,,,,,Portal: GBIF. Source: AM
,,,,,Data from GBIF data index - original values.
Amphiprion percula,,-15.7,145.5,I.10730,COOKTOWN : CAIRNS REEF 
,,,,,Portal: GBIF. Source: AM
,,,,,Data from GBIF data index - original values.
Amphiprion percula,,-15,145.5,I.13993,TWO ISLES : 
,,,,,Portal: GBIF. Source: AM
,,,,,Data from GBIF data index - original values.
Amphiprion percula,,-14.6,145.6,IA.1593,YOUNG REEF : 
,,,,,Portal: GBIF. Source: AM
,,,,,Data from GBIF data index - original values.
Amphiprion percula,1923,-13.42,145.62,IA1593,Portal: OBIS. Source: AM
Amphiprion percula,1969,-15.75,145.7,AMNH 213188,"GREAT BARRIER REEF, PATCH REEF 1, NORTH OF LITTLE HOPE ISLAND "
,,,,,Portal: GBIF. Source: AMNH
,,,,,Data from GBIF data index - original values.
Amphiprion percula,1969,-15.75,145.7,AMNH 212673,"ENDEAVOUR REEF, ca. 0.33 MILE NORTH OF COOK GROUNDING SITE "
,,,,,Portal: GBIF. Source: AMNH
,,,,,Data from GBIF data index - original values.
AMPHIPRION PERCULA,1969,-15.75,145.7,AMNH 213188,"C.L.SMITH, J.C.TYLER, M.MANSFIELD, WOLFE, GREAT BARRIER REEF, PATCH REEF 1, NORTH OF LITTLE HOPE ISLAND "
,,,,,Portal: FB. Source: AMNH
AMPHIPRION PERCULA,1969,-15.75,145.7,AMNH 212673,"C.L. SMITH, M. MANSFIELD, ENDEAVOUR REEF, ca. 0.33 MILE NORTH OF COOK GROUNDING SITE "
,,,,,Portal: FB. Source: AMNH
Amphiprion percula,,-5.2,145.8,I.16694-002,MADANG : LEE SIDE OF TAB ISLAND 
,,,,,Portal: GBIF. Source: AM
,,,,,Data from GBIF data index - original values.
Amphiprion percula,,-5.2,145.8,I.17089-018,"MADANG HARBOUR, BAY IN KRANKET ISLAND "
,,,,,Portal: GBIF. Source: AM
,,,,,Data from GBIF data index - original values.
Amphiprion percula,,-5.2,145.8,I.16687-002,MADANG : KRANKET ISLAND 
,,,,,Portal: GBIF. Source: AM
,,,,,Data from GBIF data index - original values.
Amphiprion percula,1901,-15.23,145.97,I5065,Portal: OBIS. Source: AM
Amphiprion percula,,-16.8,146,I.5065,GREEN ISLAND 
,,,,,Portal: GBIF. Source: AM
,,,,,Data from GBIF data index - original values.
Amphiprion percula,2006,-16.7,146.05,ARLINGTON_10/10/2006_AMPHIPRION PERCULA,Portal: GBIF. Source: Northern Barrier Marine Life
,,,,,Data from GBIF data index - original values.
Amphiprion percula,2006,-16.7,146.05,ARLINGTON_26/08/2006_AMPHIPRION PERCULA,Portal: GBIF. Source: Northern Barrier Marine Life
,,,,,Data from GBIF data index - original values.
Amphiprion percula,2006,-16.7,146.05,ARLINGTON_16/11/2006_AMPHIPRION PERCULA,Portal: GBIF. Source: Northern Barrier Marine Life
,,,,,Data from GBIF data index - original values.
Amphiprion percula,2006,-16.7,146.05,ARLINGTON_27/10/2006_AMPHIPRION PERCULA,Portal: GBIF. Source: Northern Barrier Marine Life
,,,,,Data from GBIF data index - original values.
Amphiprion percula,2006,-16.7,146.05,ARLINGTON_05/09/2006_AMPHIPRION PERCULA,Portal: GBIF. Source: Northern Barrier Marine Life
,,,,,Data from GBIF data index - original values.
Amphiprion percula,2006,-16.7,146.05,ARLINGTON_15/07/2006_AMPHIPRION PERCULA,Portal: GBIF. Source: Northern Barrier Marine Life
,,,,,Data from GBIF data index - original values.
Amphiprion percula,2006,-16.7,146.05,ARLINGTON_11/07/2006_AMPHIPRION PERCULA,Portal: GBIF. Source: Northern Barrier Marine Life
,,,,,Data from GBIF data index - original values.
Amphiprion percula,2006,-16.7,146.05,ARLINGTON_22/09/2006_AMPHIPRION PERCULA,Portal: GBIF. Source: Northern Barrier Marine Life
,,,,,Data from GBIF data index - original values.
Amphiprion percula,1926,-15.3,146.17,IA2760,Portal: OBIS. Source: AM
Amphiprion percula,1926,-15.3,146.17,IA2761,Portal: OBIS. Source: AM
Amphiprion percula,,-16.7,146.2,IA.2761,OFF CAIRNS : MICHAELMAS CAY 
,,,,,Portal: GBIF. Source: AM
,,,,,Data from GBIF data index - original values.
Amphiprion percula,,-16.7,146.2,IA.2760,OFF CAIRNS : MICHAELMAS CAY 
,,,,,Portal: GBIF. Source: AM
,,,,,Data from GBIF data index - original values.
Amphiprion percula,2005,-17.47,146.4,IU314_AMPHIPRION_PERCULA,Portal: GBIF. Source: AIMS
,,,,,Data from GBIF data index - original values.
Amphiprion percula,2005,-17.8,146.53,IU351_AMPHIPRION_PERCULA,Portal: GBIF. Source: AIMS
,,,,,Data from GBIF data index - original values.
Amphiprion percula,2000,-18.4,147.46,GO055_AMPHIPRION_PERCULA,Portal: GBIF. Source: AIMS
,,,,,Data from GBIF data index - original values.
Amphiprion percula,1994,-5.17,150.37,FISH 387117,"Kimbe bay, New Britain "
,,,,,Portal: FB. Source: FISH
Amphiprion percula,,-9.5,150.5,I.16515-003,DENTRECASTEAUX GROUP : FERGUSSON ISLAND 
,,,,,Portal: GBIF. Source: AM
,,,,,Data from GBIF data index - original values.
Amphiprion percula,1953,-10.6,150.65,38585,Samarai 
,,,,,Portal: GBIF. Source: MCZ
,,,,,Data from GBIF data index - original values.
Amphiprion percula,,-8.5,151.1,I.17099-042,TROBRIAND ISLANDS : KUIA ISLAND 
,,,,,Portal: GBIF. Source: AM
,,,,,Data from GBIF data index - original values.
Amphiprion percula,,-23.5,151.7,I.12635,Masthead Is 
,,,,,Portal: GBIF. Source: AM
,,,,,Data from GBIF data index - original values.
Amphiprion percula,1912,-22.47,151.73,I12635,Portal: OBIS. Source: AM
Amphiprion percula,,-3.83,152,MNHN 0000-7991,nouv.-irlande 
,,,,,Portal: GBIF. Source: mnhn
,,,,,Data from GBIF data index - original values.
Amphiprion percula,,-3.83,152,MNHN 0000-7997,port praslin 
,,,,,Portal: GBIF. Source: mnhn
,,,,,Data from GBIF data index - original values.
Amphiprion percula,,-3.83,152,0000-7997,Portal: GBIF. Source: MNHN
,,,,,Data from GBIF data index - original values.
Amphiprion percula,,-3.83,152,0000-7991,Portal: GBIF. Source: MNHN
,,,,,Data from GBIF data index - original values.
Amphiprion percula,1965,-4.23,152.17,275469.5155,"Dawapia Rocks, (Beehives), Near Entrance To Simpson Harbor, Raba Ul, New Britain. "
,,,,,Portal: GBIF. Source: USNM
,,,,,Data from GBIF data index - original values.
Amphiprion percula,1965,-4.2,152.4,275468.5155,"Keraward Is., Duke of Kirk Gp. In St. George'S Channel Betwixt New Britain and New Ireland. "
,,,,,Portal: GBIF. Source: USNM
,,,,,Data from GBIF data index - original values.
Amphiprion percula,1965,-4.2,152.4,275473.5155,"Keraward Is., Duke of Kirk Gp. In St. George'S Channel Betwixt New Britain and New Ireland. "
,,,,,Portal: GBIF. Source: USNM
,,,,,Data from GBIF data index - original values.
Amphiprion percula,1965,-4.2,152.4,275472.5155,"Keraward Is., Duke of Kirk Gp. In St. George'S Channel Betwixt New Britain and New Ireland. "
,,,,,Portal: GBIF. Source: USNM
,,,,,Data from GBIF data index - original values.
Amphiprion percula,,-4.2,152.5,A.8720,Duke of York Is 
,,,,,Portal: GBIF. Source: AM
,,,,,Data from GBIF data index - original values.
Amphiprion percula,,-4.2,152.5,A.8721,Duke of York Is 
,,,,,Portal: GBIF. Source: AM
,,,,,Data from GBIF data index - original values.
Amphiprion percula,,-6,155,IA.4418,Portal: GBIF. Source: AM
,,,,,Data from GBIF data index - original values.
Amphiprion percula,,-6,155,I.2516,Portal: GBIF. Source: AM
,,,,,Data from GBIF data index - original values.
Amphiprion percula,,-6,155,I.2515,Portal: GBIF. Source: AM
,,,,,Data from GBIF data index - original values.
Amphiprion percula,,-6,155,I.2517,Portal: GBIF. Source: AM
,,,,,Data from GBIF data index - original values.
Amphiprion percula,,-6,155,CAS 44560,Reef flat off Pongama Pt. 
,,,,,Portal: GBIF. Source: CAS
,,,,,Data from GBIF data index - original values.
Amphiprion percula,,-6,155,CAS 44575,Pongama Pt. On reef flat on coral fragment in sand. 
,,,,,Portal: GBIF. Source: CAS
,,,,,Data from GBIF data index - original values.
Amphiprion percula,,-6,155,CAS 44570,Reef flat off Pongama Pt. 
,,,,,Portal: GBIF. Source: CAS
,,,,,Data from GBIF data index - original values.
Amphiprion percula,,-5,155,IA.4722,SURA KENPUKA COAST 
,,,,,Portal: GBIF. Source: AM
,,,,,Data from GBIF data index - original values.
Amphiprion percula,,-9.3,159.6,I.17484-003,GUADALCANAL : NEAR MOUTH OF LAVORO CK 
,,,,,Portal: GBIF. Source: AM
,,,,,Data from GBIF data index - original values.
Amphiprion percula,,-8,160,A.8249,Line Islands 
,,,,,Portal: GBIF. Source: AM
,,,,,Data from GBIF data index - original values.
Amphiprion percula,,-8.4,160.6,I.15360-105,BITA-AMA REEF : NORTH SIDE MALAITA IS. 
,,,,,Portal: GBIF. Source: AM
,,,,,Data from GBIF data index - original values.
Amphiprion percula,,-8.4,160.6,I.15360-201,BITA-AMA REEF : NORTH SIDE MALAITA IS. 
,,,,,Portal: GBIF. Source: AM
,,,,,Data from GBIF data index - original values.
Amphiprion percula,,-10.3,161.8,A.11457,Ugi Is. 
,,,,,Portal: GBIF. Source: AM
,,,,,Data from GBIF data index - original values.
Amphiprion percula,,-10.3,166.29,I.39008-046,"Santa Cruz & Reef Is, reef SW of lagoon;Fenualoa Is, W end of Borabei Reef "
,,,,,Portal: GBIF. Source: AM
,,,,,Data from GBIF data index - original values.
Amphiprion percula,1998,-10.3,166.29,387551.5309,"Solomon Islands, Santa Cruz Islands, Reef Islands, Coral Reef At SW End of Lagoon of Fenualoa Island On Westend of Barabei Reef "
,,,,,Portal: GBIF. Source: USNM
,,,,,Data from GBIF data index - original values.
Amphiprion percula,,-10.2,166.3,I.39007-007,"Santa Cruz Is, Reef Is, SE end of Fenualoa Is, NW mouth of Forrest Passage "
,,,,,Portal: GBIF. Source: AM
,,,,,Data from GBIF data index - original values.
Amphiprion percula,,-11.7,166.83,0000-7992,Portal: GBIF. Source: MNHN
,,,,,Data from GBIF data index - original values.
Amphiprion percula,,-11.7,166.83,1894-0368,Portal: GBIF. Source: MNHN
,,,,,Data from GBIF data index - original values.
Amphiprion percula,,-11.7,166.83,MNHN 0000-7992,vanikoro(i.) 
,,,,,Portal: GBIF. Source: mnhn
,,,,,Data from GBIF data index - original values.
Amphiprion percula,,-11.7,166.83,MNHN 1894-0368,vanikoro(i.) 
,,,,,Portal: GBIF. Source: mnhn
,,,,,Data from GBIF data index - original values.
Amphiprion percula,,11.71,166.85,CAS 44568,Shore reef. Dip-netted out of lg. anemone (D=1.5-2 ft.) 
,,,,,Portal: GBIF. Source: CAS
,,,,,Data from GBIF data index - original values.
"Amphiprion tunicatus Cuvier, 1830",,-11.62,166.97,FB 2741472,"Vanikoro I., Santa Cruz Is., sw. Pacific, 11°37'S, 166°58'E. "
,,,,,Portal: FB. Source: FB
Amphiprion percula,1998,-9.86,167.16,385332.5304,"Solomon Islands, Santa Cruz Islands, Duff Islands, NW Point of Taumako Island, Just North of Pangave Point On Outer Reef Slope "
,,,,,Portal: GBIF. Source: USNM
,,,,,Data from GBIF data index - original values.
Paracanthurus hepatus,,-13.57,-172.32,A 25235 001,Portal: OBIS. Source: mv
,,,,,no
Paracanthurus hepatus,,-13.6,-172.3,A25235001,Portal: GBIF. Source: NMV
,,,,,Data from GBIF data index - original values.
Paracanthurus hepatus,,41.35,-70.48,2140,Portal: GBIF. Source: Smithsonian Environmental Research Center
,,,,,Data from GBIF data index - original values.
Paracanthurus hepatus,,41.35,-70.48,2140,Portal: GBIF. Source: WoodsHoleBioSurvey
,,,,,Data from GBIF data index - original values.
Paracanthurus hepatus,,17,-65,2001-3004,Portal: GBIF. Source: MNHN
,,,,,Data from GBIF data index - original values.
ACANTHURUS HEPATUS,,32.2,-64.6,AMNH 1778,"NEW YORK AQUARIUM, NO FURTHER DATA "
,,,,,Portal: FB. Source: AMNH
Paracanthurus hepatus,1993,-7.43,0,SAMC-MBF-005657,Palau 
,,,,,Portal: GBIF. Source: SAMC
,,,,,Data from GBIF data index - original values.
Paracanthurus hepatus,1962,22.48,22.48,4401,"Dong-kung, Pingtung, Taiwan "
,,,,,Portal: GBIF. Source: NMMB
,,,,,Data from GBIF data index - original values.
Paracanthurus hepatus,,-26.02,32.97,10388,Inhaca Island 
,,,,,Portal: GBIF. Source: SAIAB
,,,,,Data from GBIF data index - original values.
Paracanthurus hepatus,,-26.02,32.97,RUSI 10388,Inhaca Island 
,,,,,Portal: GBIF. Source: RUSI
,,,,,Data from GBIF data index - original values.
Paracanthurus hepatus,1971,-26.02,32.97,SAIAB-010749,Portal: OBIS. Source: SAIAB
Paracanthurus hepatus,,-26.02,32.97,SAIAB-010749,Inhaca Island 
,,,,,Portal: GBIF. Source: SAIAB
,,,,,Data from GBIF data index - original values.
Paracanthurus hepatus,1967,-4.05,39.67,9813,"INDISCHER OZEAN, W-, KENIA, SSO-, MOMBASA* , "
,,,,,Portal: GBIF. Source: SMF
,,,,,Data from GBIF data index - original values.
Paracanthurus hepatus,1954,-7.85,39.78,SAIAB-010846,Portal: OBIS. Source: SAIAB
Paracanthurus hepatus,1954,-7.85,39.78,SAIAB-010846,Mafia Island 
,,,,,Portal: GBIF. Source: SAIAB
,,,,,Data from GBIF data index - original values.
Paracanthurus hepatus,1954,-7.85,39.78,10703,Mafia Island 
,,,,,Portal: GBIF. Source: SAIAB
,,,,,Data from GBIF data index - original values.
Paracanthurus hepatus,,-7.85,39.78,RUSI 10703,Mafia Island 
,,,,,Portal: GBIF. Source: RUSI
,,,,,Data from GBIF data index - original values.
Paracanthurus hepatus,1956,-14.22,40.77,8704,Pinda Island 
,,,,,Portal: GBIF. Source: SAIAB
,,,,,Data from GBIF data index - original values.
Paracanthurus hepatus,1950,-14.22,40.77,8505,Pinda Island 
,,,,,Portal: GBIF. Source: SAIAB
,,,,,Data from GBIF data index - original values.
Paracanthurus hepatus,,-14.22,40.77,8500,Pinda Island 
,,,,,Portal: GBIF. Source: SAIAB
,,,,,Data from GBIF data index - original values.
Paracanthurus hepatus,1950,-14.22,40.77,8489,Pinda Island 
,,,,,Portal: GBIF. Source: SAIAB
,,,,,Data from GBIF data index - original values.
Paracanthurus hepatus,1956,-14.22,40.77,8475,Pinda Island 
,,,,,Portal: GBIF. Source: SAIAB
,,,,,Data from GBIF data index - original values.
Paracanthurus hepatus,,-14.22,40.77,RUSI 8505,Pinda Island 
,,,,,Portal: GBIF. Source: RUSI
,,,,,Data from GBIF data index - original values.
Paracanthurus hepatus,,-14.22,40.77,RUSI 8475,Pinda Island 
,,,,,Portal: GBIF. Source: RUSI
,,,,,Data from GBIF data index - original values.
Paracanthurus hepatus,,-14.22,40.77,RUSI 8704,Pinda Island 
,,,,,Portal: GBIF. Source: RUSI
,,,,,Data from GBIF data index - original values.
Paracanthurus hepatus,,-14.22,40.77,RUSI 8500,Pinda Island 
,,,,,Portal: GBIF. Source: RUSI
,,,,,Data from GBIF data index - original values.
Paracanthurus hepatus,,-14.22,40.77,RUSI 8489,Pinda Island 
,,,,,Portal: GBIF. Source: RUSI
,,,,,Data from GBIF data index - original values.
Paracanthurus hepatus,1956,-14.22,40.77,SAIAB-007750,Portal: OBIS. Source: SAIAB
Paracanthurus hepatus,1950,-14.22,40.77,SAIAB-007755,Portal: OBIS. Source: SAIAB
Paracanthurus hepatus,1956,-14.22,40.77,SAIAB-007758,Portal: OBIS. Source: SAIAB
Paracanthurus hepatus,1956,-14.22,40.77,SAIAB-007759,Portal: OBIS. Source: SAIAB
Paracanthurus hepatus,1950,-14.22,40.77,SAIAB-007764,Portal: OBIS. Source: SAIAB
Paracanthurus hepatus,1956,-14.22,40.77,SAIAB-007916,Portal: OBIS. Source: SAIAB
Paracanthurus hepatus,1956,-14.22,40.77,SAIAB-007917,Portal: OBIS. Source: SAIAB
Paracanthurus hepatus,1956,-14.22,40.77,SAIAB-007749,Portal: OBIS. Source: SAIAB
Paracanthurus hepatus,1956,-14.22,40.77,SAIAB-007750,Pinda Island 
,,,,,Portal: GBIF. Source: SAIAB
,,,,,Data from GBIF data index - original values.
Paracanthurus hepatus,1956,-14.22,40.77,SAIAB-007917,Pinda Island 
,,,,,Portal: GBIF. Source: SAIAB
,,,,,Data from GBIF data index - original values.
Paracanthurus hepatus,1956,-14.22,40.77,SAIAB-007749,Pinda Island 
,,,,,Portal: GBIF. Source: SAIAB
,,,,,Data from GBIF data index - original values.
Paracanthurus hepatus,,-14.22,40.77,SAIAB-007758,Pinda Island 
,,,,,Portal: GBIF. Source: SAIAB
,,,,,Data from GBIF data index - original values.
Paracanthurus hepatus,1950,-14.22,40.77,SAIAB-007755,Pinda Island 
,,,,,Portal: GBIF. Source: SAIAB
,,,,,Data from GBIF data index - original values.
Paracanthurus hepatus,1950,-14.22,40.77,SAIAB-007764,Pinda Island 
,,,,,Portal: GBIF. Source: SAIAB
,,,,,Data from GBIF data index - original values.
Paracanthurus hepatus,1956,-14.22,40.77,SAIAB-007916,Pinda Island 
,,,,,Portal: GBIF. Source: SAIAB
,,,,,Data from GBIF data index - original values.
Paracanthurus hepatus,,-14.22,40.77,SAIAB-007759,Pinda Island 
,,,,,Portal: GBIF. Source: SAIAB
,,,,,Data from GBIF data index - original values.
Paracanthurus hepatus,1986,-11.73,43.22,30941,Off Iconi 
,,,,,Portal: GBIF. Source: SAIAB
,,,,,Data from GBIF data index - original values.
Paracanthurus hepatus,1986,-11.73,43.22,SAIAB-021416,Portal: OBIS. Source: SAIAB
Paracanthurus hepatus,1986,-11.73,43.22,SAIAB-021416,Off Iconi 
,,,,,Portal: GBIF. Source: SAIAB
,,,,,Data from GBIF data index - original values.
Paracanthurus hepatus,,-23.33,43.52,MNHN 1992-0869,tul?ar 
,,,,,Portal: GBIF. Source: mnhn
,,,,,Data from GBIF data index - original values.
Paracanthurus hepatus,,-23.33,43.52,1992-0869,Portal: GBIF. Source: MNHN
,,,,,Data from GBIF data index - original values.
Paracanthurus hepatus,1967,-9.4,46.21,268913.5127,"Indian Ocean: Aldabra Atoll, small channel south of La Passe Du Bois leading from main lagoon to reef flat adjacent to sea (one of Western Channels). "
,,,,,Portal: GBIF. Source: USNM
,,,,,Data from GBIF data index - original values.
Paracanthurus hepatus,,-9.83,47,MNHN 1954-0129,Portal: GBIF. Source: mnhn
,,,,,Data from GBIF data index - original values.
Paracanthurus hepatus,,-9.83,47,1954-0129,Portal: GBIF. Source: MNHN
,,,,,Data from GBIF data index - original values.
Paracanthurus hepatus,,-20.62,55.23,34513,Reunion Island 
,,,,,Portal: GBIF. Source: NCL
,,,,,Data from GBIF data index - original values.
Paracanthurus hepatus,1954,-4.62,55.45,SAIAB-007918,Portal: OBIS. Source: SAIAB
Paracanthurus hepatus,1954,-4.62,55.45,SAIAB-007919,Portal: OBIS. Source: SAIAB
Paracanthurus hepatus,,-4.62,55.45,SAIAB-007918,Mahe Island 
,,,,,Portal: GBIF. Source: SAIAB
,,,,,Data from GBIF data index - original values.
Paracanthurus hepatus,,-4.62,55.45,SAIAB-007919,Mahe Island 
,,,,,Portal: GBIF. Source: SAIAB
,,,,,Data from GBIF data index - original values.
Paracanthurus hepatus,,-4.62,55.45,RUSI 8705,Mahe Island 
,,,,,Portal: GBIF. Source: RUSI
,,,,,Data from GBIF data index - original values.
Paracanthurus hepatus,,-4.62,55.45,8705,Mahe Island 
,,,,,Portal: GBIF. Source: SAIAB
,,,,,Data from GBIF data index - original values.
Paracanthurus hepatus,,-21.12,55.58,A-7505,Portal: GBIF. Source: MNHN
,,,,,Data from GBIF data index - original values.
Paracanthurus hepatus,,-21.12,55.58,MNHN A-7505,Portal: GBIF. Source: mnhn
,,,,,Data from GBIF data index - original values.
Paracanthurus hepatus,,-20.33,57.58,A-7010,Portal: GBIF. Source: MNHN
,,,,,Data from GBIF data index - original values.
Paracanthurus hepatus,,-20.33,57.58,A-7005,Portal: GBIF. Source: MNHN
,,,,,Data from GBIF data index - original values.
Paracanthurus hepatus,1971,-20.3,57.58,SAIAB-000964,Portal: OBIS. Source: SAIAB
Paracanthurus hepatus,1976,-20.3,57.58,SAIAB-006354,Portal: OBIS. Source: SAIAB
Paracanthurus hepatus,,-20.3,57.58,SAIAB-000964,Mauritius 
,,,,,Portal: GBIF. Source: SAIAB
,,,,,Data from GBIF data index - original values.
Paracanthurus hepatus,,-20.3,57.58,SAIAB-006354,Mauritius 
,,,,,Portal: GBIF. Source: SAIAB
,,,,,Data from GBIF data index - original values.
Paracanthurus hepatus,,-20.33,57.58,MNHN A-7005,Portal: GBIF. Source: mnhn
,,,,,Data from GBIF data index - original values.
Paracanthurus hepatus,,-20.33,57.58,MNHN A-7010,Portal: GBIF. Source: mnhn
,,,,,Data from GBIF data index - original values.
Paracanthurus hepatus,,-20.3,57.58,5671,Mauritius 
,,,,,Portal: GBIF. Source: SAIAB
,,,,,Data from GBIF data index - original values.
Paracanthurus hepatus,,-20.3,57.58,1104,Mauritius 
,,,,,Portal: GBIF. Source: SAIAB
,,,,,Data from GBIF data index - original values.
Paracanthurus hepatus,1958,3.25,73,27536,"INDISCHER OZEAN, N-, MALEDIVEN-ARCHIPEL*, MILADUMMADULU-ATOLL , "
,,,,,Portal: GBIF. Source: SMF
,,,,,Data from GBIF data index - original values.
Paracanthurus hepatus,1958,3.25,73,26272,"INDISCHER OZEAN, N-, MALEDIVEN ARCHIPEL*, RASDU-ATOLL , W- EINFAHRT "
,,,,,Portal: GBIF. Source: SMF
,,,,,Data from GBIF data index - original values.
Paracanthurus hepatus,,8.57,81.23,4315,"INDISCHER OZEAN, N-, SRI LANKA, O- (früher CEYLON), TRINCOMALEE* , "
,,,,,Portal: GBIF. Source: SMF
,,,,,Data from GBIF data index - original values.
Paracanthurus hepatus,,10,93,34513,Portal: OBIS. Source: NCL
Paracanthurus hepatus,1958,8,93.5,28503,"INDISCHER OZEAN, NO-, NIKOBAREN-INSELN*, GREAT NICOBAR-INSEL, "
,,,,,Portal: GBIF. Source: SMF
,,,,,Data from GBIF data index - original values.
Paracanthurus hepatus,1988,4.64,119.45,309627.5203,Sibutu Island. 
,,,,,Portal: GBIF. Source: USNM
,,,,,Data from GBIF data index - original values.
Paracanthurus hepatus,,16.43,119.92,BML-1989-009,Binabalian Bol. Pang 
,,,,,Portal: GBIF. Source: BML-1989-009
,,,,,Data from GBIF data index - original values.
Paracanthurus hepatus,,22.48,120.46,NMMBA04401,"Donggang, Pingtung "
,,,,,Portal: GBIF. Source: NMMBA04401
,,,,,Data from GBIF data index - original values.
Paracanthurus hepatus,1972,21.98,120.71,1270,"HUNG-CHAI-KENG, HENG-CHUN "
,,,,,Portal: GBIF. Source: NTU
,,,,,Data from GBIF data index - original values.
Paracanthurus hepatus,1972,21.98,120.71,1273,"HUNG-CHAI-KENG, HENG-CHUN "
,,,,,Portal: GBIF. Source: NTU
,,,,,Data from GBIF data index - original values.
Paracanthurus hepatus,1972,21.98,120.71,1277,"HUNG-CHAI-KENG, HENG-CHUN "
,,,,,Portal: GBIF. Source: NTU
,,,,,Data from GBIF data index - original values.
Paracanthurus hepatus,1972,21.98,120.71,1271,"HUNG-CHAI-KENG, HENG-CHUN "
,,,,,Portal: GBIF. Source: NTU
,,,,,Data from GBIF data index - original values.
Paracanthurus hepatus,1979,21.98,120.71,56415,"Hongchai, Pingtung "
,,,,,Portal: GBIF. Source: ASIZ
,,,,,Data from GBIF data index - original values.
Paracanthurus hepatus,,21.98,120.71,NTUM01271,"HUNG-CHAI-KENG, HENG-CHUN "
,,,,,Portal: GBIF. Source: NTUM01271
,,,,,Data from GBIF data index - original values.
Paracanthurus hepatus,,21.98,120.71,NTUM01277,"HUNG-CHAI-KENG, HENG-CHUN "
,,,,,Portal: GBIF. Source: NTUM01277
,,,,,Data from GBIF data index - original values.
Paracanthurus hepatus,,21.98,120.71,NTUM01270,"HUNG-CHAI-KENG, HENG-CHUN "
,,,,,Portal: GBIF. Source: NTUM01270
,,,,,Data from GBIF data index - original values.
Paracanthurus hepatus,,21.98,120.71,NTUM01273,"HUNG-CHAI-KENG, HENG-CHUN "
,,,,,Portal: GBIF. Source: NTUM01273
,,,,,Data from GBIF data index - original values.
Paracanthurus hepatus,,21.98,120.71,ASIZP0056415,"Hongchai, Pingtung "
,,,,,Portal: GBIF. Source: ASIZP0056415
,,,,,Data from GBIF data index - original values.
Paracanthurus hepatus,1972,22.03,120.72,1274,"WAN-LI-TUNG, HENG-CHUN "
,,,,,Portal: GBIF. Source: NTU
,,,,,Data from GBIF data index - original values.
Paracanthurus hepatus,,22.03,120.72,NTUM01274,"WAN-LI-TUNG, HENG-CHUN "
,,,,,Portal: GBIF. Source: NTUM01274
,,,,,Data from GBIF data index - original values.
Paracanthurus hepatus,1973,21.94,120.73,8530,"HOU-PI-HU, HENG-CHUN "
,,,,,Portal: GBIF. Source: NTU
,,,,,Data from GBIF data index - original values.
Paracanthurus hepatus,1972,21.94,120.73,1275,"HOU-PI-HU, HENG-CHUN "
,,,,,Portal: GBIF. Source: NTU
,,,,,Data from GBIF data index - original values.
Paracanthurus hepatus,,21.94,120.73,NTUM01275,"HOU-PI-HU, HENG-CHUN "
,,,,,Portal: GBIF. Source: NTUM01275
,,,,,Data from GBIF data index - original values.
Paracanthurus hepatus,,21.94,120.73,NTUM08530,"HOU-PI-HU, HENG-CHUN "
,,,,,Portal: GBIF. Source: NTUM08530
,,,,,Data from GBIF data index - original values.
Paracanthurus hepatus,1976,22.01,120.74,8504,"Hengchun, Pingtung "
,,,,,Portal: GBIF. Source: NTU
,,,,,Data from GBIF data index - original values.
Paracanthurus hepatus,1976,22.01,120.74,8502,"Hengchun, Pingtung "
,,,,,Portal: GBIF. Source: NTU
,,,,,Data from GBIF data index - original values.
Paracanthurus hepatus,1976,22.01,120.74,8500,"Hengchun, Pingtung "
,,,,,Portal: GBIF. Source: NTU
,,,,,Data from GBIF data index - original values.
Paracanthurus hepatus,,22.01,120.74,NTUM08502,"Hengchun, Pingtung "
,,,,,Portal: GBIF. Source: NTUM08502
,,,,,Data from GBIF data index - original values.
Paracanthurus hepatus,,22.01,120.74,NTUM08504,"Hengchun, Pingtung "
,,,,,Portal: GBIF. Source: NTUM08504
,,,,,Data from GBIF data index - original values.
Paracanthurus hepatus,,22.01,120.74,NTUM08500,"Hengchun, Pingtung "
,,,,,Portal: GBIF. Source: NTUM08500
,,,,,Data from GBIF data index - original values.
"Last modified by Casey, 09.06.15",,,,,